<?xml version="1.0" encoding="utf-8"?>
<resources xmlns:android="http://schemas.android.com/apk/res/android">
<string name="low_memory_error">"Unable to complete previous operation due to low memory"</string>
<string name="opening_file_error">"Failed to open selected file"</string>
<string name="color_picker_button_more">"More"</string>
<string name="color_picker_hue">"Hue"</string>
<string name="color_picker_saturation">"Saturation"</string>
<string name="color_picker_value">"Value"</string>
<string name="color_picker_button_set">"Set"</string>
<string name="color_picker_button_cancel">"Cancel"</string>
<string name="color_picker_dialog_title">"Select color"</string>
<string name="color_picker_button_red">"Red"</string>
<string name="color_picker_button_cyan">"Cyan"</string>
<string name="color_picker_button_blue">"Blue"</string>
<string name="color_picker_button_green">"Green"</string>
<string name="color_picker_button_magenta">"Magenta"</string>
<string name="color_picker_button_yellow">"Yellow"</string>
<string name="color_picker_button_black">"Black"</string>
<string name="color_picker_button_white">"White"</string>
<string name="copy_to_clipboard_failure_message">"Failed to copy to the clipboard"</string>
<string name="accessibility_date_picker_month">"Month"</string>
<string name="accessibility_date_picker_year">"Year"</string>
<string name="date_picker_dialog_set">"Set"</string>
<string name="month_picker_dialog_title">"Set month"</string>
<string name="accessibility_date_picker_week">"Week"</string>
<string name="week_picker_dialog_title">"Set week"</string>
<string name="time_picker_dialog_am">"AM"</string>
<string name="time_picker_dialog_pm">"PM"</string>
<string name="time_picker_dialog_title">"Set time"</string>
<string name="accessibility_time_picker_hour">"Hour"</string>
<string name="accessibility_time_picker_minute">"Minute"</string>
<string name="accessibility_time_picker_second">"Second"</string>
<string name="accessibility_time_picker_milli">"Millisecond"</string>
<string name="accessibility_time_picker_ampm">"AM/PM"</string>
<string name="time_picker_dialog_hour_minute_separator">":"</string>
<string name="time_picker_dialog_minute_second_separator">":"</string>
<string name="time_picker_dialog_second_subsecond_separator">"."</string>
<string name="date_time_picker_dialog_title">"Set date and time"</string>
<string name="accessibility_datetime_picker_date">"Date"</string>
<string name="accessibility_datetime_picker_time">"Time"</string>
<string name="date_picker_dialog_other_button_label">"Other"</string>
<string name="date_picker_dialog_title">"Set date"</string>
<string name="date_picker_dialog_clear">"Clear"</string>
<string name="autofill_popup_content_description">"Showing autofill popup"</string>
<string name="password_generation_popup_content_description">"Showing password generation popup"</string>
<string name="autofill_keyboard_accessory_content_description">"Suggestions available"</string>
<string name="updating_chrome">"Updating Chrome…"</string>
</resources>
