<?xml version="1.0" encoding="utf-8"?>
<!-- Copyright 2014 The Chromium Authors. All rights reserved.
     Use of this source code is governed by a BSD-style license that can be
     found in the LICENSE file. -->
<resources xmlns:tools="http://schemas.android.com/tools">
  
    
  <!-- Q: Why put style resources under values-v17/ ?
         A: Problem:
            1. paddingStart causes a crash on Galaxy Tab&Note b/8351339.
            2. So we wrote a build script(generate_v14_compatible_resources.py) to convert
               paddingStart to paddingLeft for pre-v17 (crbug.com/235118).
            3. However, style files are not overrided by the corresponding generated style files,
               but merged when we pass them to aapt unlike layout files.

            So we decided to keep style resources under values-v17/ so that it is not merged with
            the generated style resources under res_v14_compatibility/values/ (crbug.com/243952).
    -->
  

    
  <style name="MainTheme" parent="Theme.AppCompat.Light.NoActionBar">
    
        
    <item name="android:windowContentOverlay">@null</item>
    
        
    <item name="android:textColorHighlight">@color/text_highlight_color</item>
    
        
    <item name="android:textColorLink">@color/light_active_color</item>
    
        
    <item name="android:statusBarColor" tools:targetApi="21">@android:color/black</item>
    

        
    <!--  Overriding AppCompat values -->
    
        
    <item name="colorControlNormal">@color/light_normal_color</item>
    
        
    <item name="colorControlActivated">@color/light_active_color</item>
    

        
    <!-- Default TintedImageButton tint -->
    
        
    <item name="tint">@color/dark_mode_tint</item>
    

        
    <!-- Navigation Transitions, requires API level 21 -->
    
        
    <item name="android:windowAllowEnterTransitionOverlap" tools:targetApi="21">false</item>
    
        
    <item name="android:windowAllowReturnTransitionOverlap" tools:targetApi="21">true</item>
    
        
    <item name="android:windowContentTransitions" tools:targetApi="21">true</item>
    
        
    <item name="android:windowEnterTransition" tools:targetApi="21">@transition/fade</item>
    
        
    <item name="android:windowExitTransition" tools:targetApi="21">@null</item>
    
        
    <item name="android:windowSharedElementEnterTransition" tools:targetApi="21">@transition/move_image</item>
    
        
    <item name="android:windowSharedElementExitTransition" tools:targetApi="21">@transition/move_image</item>
    
    
  </style>
  

    
  <style name="TabbedModeTheme" parent="MainTheme">
    
        
    <item name="android:windowBackground">@drawable/window_background</item>
    
    
  </style>
  

    
  <style name="FullscreenWhiteDialog" parent="Theme.AppCompat.Light">
    
        
    <item name="android:windowBackground">@android:color/white</item>
    
        
    <item name="android:textColorLink">@color/light_active_color</item>
    
        
    <item name="android:statusBarColor" tools:targetApi="21">@android:color/black</item>
    
        
    <item name="colorPrimary">@color/light_active_color</item>
    
        
    <item name="colorAccent">@color/light_active_color</item>
    
    
  </style>
  

    
  <!-- Web app themes -->
  
    
  <style name="WebappTheme" parent="MainTheme">
    
        
    <item name="android:windowBackground">@null</item>
    
        
    <item name="android:windowDisablePreview">true</item>
    
    
  </style>
  
    
  <style name="WebappSplashScreenTextTheme">
    
        
    <item name="android:textSize">24sp</item>
    
        
    <item name="android:ellipsize">end</item>
    
        
    <item name="android:textColor">@color/default_text_color</item>
    
        
    <item name="android:gravity">center</item>
    
        
    <item name="android:fontFamily">sans-serif-condensed</item>
    
        
    <item name="android:maxLines">2</item>
    
    
  </style>
  

    
  <!-- A theme for alert dialogs. The colors are copied from MainTheme, and the window
         dimensions are copied from *.MinWidth theme variants. Sadly there is no
         AppCompat.Light.Dialog.Alert or even AppCompat.Light.Dialog.MinWidth. -->
  
    
  <style name="AlertDialogTheme" parent="Theme.AppCompat.Light.Dialog">
    
        
    <item name="android:textColorHighlight">@color/text_highlight_color</item>
    
        
    <item name="android:windowMinWidthMajor">@android:dimen/dialog_min_width_major</item>
    
        
    <item name="android:windowMinWidthMinor">@android:dimen/dialog_min_width_minor</item>
    

        
    <!--  Overriding AppCompat values -->
    
        
    <item name="colorAccent">@color/light_active_color</item>
    
        
    <item name="colorControlActivated">@color/light_active_color</item>
    
        
    <item name="colorControlNormal">@color/light_normal_color</item>
    
        
    <item name="colorPrimary">@color/light_active_color</item>
    

        
    <!-- Default TintedImageButton tint -->
    
        
    <item name="tint">@color/dark_mode_tint</item>
    
    
  </style>
  

    
  <style name="LightweightFreDialog" parent="AlertDialogTheme">
    
        
    <item name="windowNoTitle">true</item>
    
        
    <item name="windowActionBar">false</item>
    
    
  </style>
  

    
  <!-- Preferences -->
  
    
  <style name="PreferencesTheme" parent="ThemeWithActionBar">
    
        
    <item name="android:textColorLink">@color/pref_accent_color</item>
    
        
    <item name="android:textAppearanceMedium">@style/PreferenceTextAppearanceMedium</item>
    
        
    <item name="android:preferenceCategoryStyle">@style/PreferenceCategory</item>
    
        
    <item name="android:spinnerItemStyle">@style/PreferenceSpinnerItem</item>
    
        
    <item name="floatLabelTextAppearance">@style/PreferenceFloatLabelTextAppearance</item>
    
        
    <item name="floatLabelPaddingLeft">@dimen/pref_autofill_field_horizontal_padding</item>
    
        
    <item name="floatLabelPaddingRight">@dimen/pref_autofill_field_horizontal_padding</item>
    
        
    <item name="floatLabelPaddingTop">@dimen/pref_autofill_field_top_margin</item>
    
    
  </style>
  
    
  <style name="PreferenceTextAppearanceMedium">
    
        
    <item name="android:textSize">18sp</item>
    
        
    <item name="android:textColor">?android:attr/textColorPrimary</item>
    
    
  </style>
  
    
  <style name="PreferenceCategory">
    
        
    <item name="android:layout">@layout/preference_category</item>
    
        
    <item name="android:shouldDisableView">false</item>
    
        
    <item name="android:selectable">false</item>
    
    
  </style>
  
    
  <style name="PreferenceCategoryWithButtonStyle">
    
        
    <item name="android:paddingLeft">8dp</item>
    
        
    <item name="android:paddingRight">4dp</item>
    
        
    <item name="android:paddingTop">16dp</item>
    
        
    <item name="android:layout_marginBottom">16dp</item>
    
    
  </style>
  
    
  <style name="PreferenceCategoryTextStyle">
    
        
    <item name="android:textColor">@color/pref_accent_color</item>
    
        
    <item name="android:textSize">14sp</item>
    
        
    <item name="android:textStyle">bold</item>
    
    
  </style>
  
    
  <style name="PreferenceTitle">
    
        
    <item name="android:ellipsize">end</item>
    
        
    <item name="android:singleLine">true</item>
    
        
    <item name="android:textAppearance">?android:attr/textAppearanceMedium</item>
    
    
  </style>
  
    
  <style name="PreferenceSummary">
    
        
    <item name="android:textAppearance">?android:attr/textAppearanceSmall</item>
    
        
    <item name="android:textColor">?android:attr/textColorSecondary</item>
    
    
  </style>
  
    
  <style name="PreferenceScreenLayout">
    
        
    <item name="android:paddingTop">16dp</item>
    
        
        
    <!-- Additional padding is applied to each of the controls inside the layout, making this
             a 16dp padding overall. -->
    
        
    <item name="android:paddingLeft">@dimen/pref_autofill_content_spacing</item>
    
        
    <item name="android:paddingRight">@dimen/pref_autofill_content_spacing</item>
    
    
  </style>
  
    
  <style name="PreferenceLayoutBase">
    
        
    <item name="android:background">?android:attr/activatedBackgroundIndicator</item>
    
        
    <item name="android:minHeight">?android:attr/listPreferredItemHeight</item>
    
        
    <item name="android:paddingTop">6dp</item>
    
        
    <item name="android:paddingBottom">6dp</item>
    
        
    <item name="android:paddingLeft">8dp</item>
    
        
    <item name="android:paddingRight">8dp</item>
    
    
  </style>
  
    
  <style name="PreferenceLayout" parent="PreferenceLayoutBase"/>
  
    
  <style name="DeprecationWarningPreferenceTheme" parent="PreferencesTheme">
    
        
    <item name="android:textSize">14sp</item>
    
    
  </style>
  
    
  <style name="PreferenceFloatLabelTextAppearance">
    
        
    <item name="android:textColor">@color/descriptive_text_color</item>
    
        
    <item name="android:textSize">12sp</item>
    
    
  </style>
  
    
  <style name="PreferenceSpinnerItem">
    
        
    <item name="android:textAppearance">@style/PreferenceTextAppearanceMedium</item>
    
    
  </style>
  
    
  <style name="PreferenceSpinnerUnderlineView">
    
        
    <item name="android:layout_width">match_parent</item>
    
        
    <item name="android:layout_height">1dp</item>
    
        
    <item name="android:layout_marginTop">2dp</item>
    
        
    <item name="android:background">@color/google_grey_600</item>
    
    
  </style>
  

    
  <style name="ThemeWithActionBar" parent="Theme.AppCompat.Light.DarkActionBar">
    
        
    <item name="android:windowBackground">@drawable/action_bar_activity_bg</item>
    
        
    <!-- Action bar color -->
    
        
    <item name="colorPrimary">@color/dark_action_bar_color</item>
    
        
    <!-- Status bar color -->
    
        
    <item name="colorPrimaryDark">#161e21</item>
    
        
    <!-- Color of checkboxes, switches, buttons, etc. -->
    
        
    <item name="colorAccent">@color/pref_accent_color</item>
    
    
  </style>
  

    
  <style name="FlushFooterButton">
    
      
    <item name="android:textColor">@color/light_normal_color</item>
    
      
    <item name="android:background">@drawable/flush_footer_button</item>
    
    
  </style>
  

    
  <!-- Manage Space Activity -->
  
    
  <style name="ManageSpaceActivityButton">
    
      
    <item name="android:layout_width">wrap_content</item>
    
      
    <item name="android:layout_height">wrap_content</item>
    
      
    <item name="android:layout_gravity">end</item>
    
      
    <item name="android:layout_marginTop">8dp</item>
    
      
    <item name="android:paddingLeft">32dp</item>
    
      
    <item name="android:paddingRight">32dp</item>
    
    
  </style>
  
    
  <style name="ManageSpaceActivityExplanationTextView">
    
      
    <item name="android:textAppearance">?android:attr/textAppearanceMedium</item>
    
      
    <item name="android:layout_width">match_parent</item>
    
      
    <item name="android:layout_height">wrap_content</item>
    
      
    <item name="android:paddingTop">6dp</item>
    
    
  </style>
  
    
  <style name="ManageSpaceActivitySizeTextView">
    
      
    <item name="android:textAppearance">?android:attr/textAppearanceMedium</item>
    
      
    <item name="android:layout_width">wrap_content</item>
    
      
    <item name="android:layout_height">wrap_content</item>
    
      
    <item name="android:paddingTop">6dp</item>
    
      
    <item name="android:maxLines">1</item>
    
    
  </style>
  

    
  <!-- Alert dialogs -->
  
    
  <style name="AlertDialogContent">
    
        
    <item name="android:layout_width">match_parent</item>
    
        
    <item name="android:layout_height">wrap_content</item>
    
        
    <item name="android:paddingLeft">@dimen/dialog_padding_sides</item>
    
        
    <item name="android:paddingRight">@dimen/dialog_padding_sides</item>
    
        
    <item name="android:paddingTop">@dimen/dialog_padding_top</item>
    
    
  </style>
  
    
  <style name="AlertDialogSummaryViewItem" parent="@android:style/TextAppearance.Small">
    
        
    <item name="android:layout_width">match_parent</item>
    
        
    <item name="android:layout_height">wrap_content</item>
    
        
    <item name="android:textAlignment">viewStart</item>
    
        
    <item name="android:paddingTop">10dp</item>
    
    
  </style>
  

    
  <style name="OverflowMenuTheme" parent="Theme.AppCompat.Light">
    
        
    <item name="android:popupBackground">@null</item>
    
        
    <item name="android:listDivider">@null</item>
    
        
    <item name="android:listPreferredItemHeightSmall">48dp</item>
    
        
    <item name="android:textSize">16sp</item>
    
    
  </style>
  
    
  <style name="OverflowMenuButton">
    
        
    <item name="android:layout_width">0dp</item>
    
        
    <item name="android:layout_height">match_parent</item>
    
        
    <item name="android:layout_weight">1</item>
    
        
    <item name="android:background">?attr/listChoiceBackgroundIndicator</item>
    
        
    <item name="android:scaleType">center</item>
    
    
  </style>
  
    
  <style name="OverflowMenuAnim">
    
        
    <item name="android:windowEnterAnimation">@anim/menu_enter</item>
    
        
    <item name="android:windowExitAnimation">@anim/menu_exit</item>
    
    
  </style>
  
    
  <style name="DistilledPagePrefThemeButton">
    
        
    <item name="android:layout_width">0dp</item>
    
        
    <item name="android:layout_height">wrap_content</item>
    
        
    <item name="android:layout_weight">1</item>
    
        
    <item name="android:button">@null</item>
    
        
    <item name="android:gravity">center</item>
    
        
    <item name="android:textAppearance">
            ?android:attr/textAppearanceMedium
        </item>
    
        
    <item name="android:padding">8dp</item>
    
        
    <item name="android:background">
            @drawable/distilled_page_prefs_button_bg
        </item>
    
    
  </style>
  

    
  <!-- Button bar styles -->
  
    
  <style name="ButtonBarTopSpacerLight">
    
        
    <item name="android:layout_width">0dp</item>
    
        
    <item name="android:layout_height">0dp</item>
    
        
    <item name="android:layout_weight">1</item>
    
    
  </style>
  
    
  <style name="ButtonBarTopSpacer" parent="ButtonBarTopSpacerLight">
    
        
    <item name="android:minHeight">5dp</item>
    
    
  </style>
  
    
  <style name="ButtonBarTopDivider">
    
        
    <item name="android:layout_width">match_parent</item>
    
        
    <item name="android:layout_height">1dp</item>
    
        
    <item name="android:background">?android:attr/dividerHorizontal</item>
    
    
  </style>
  
    
  <style name="ButtonBar" parent="@android:style/Holo.Light.ButtonBar.AlertDialog">
    
        
    <item name="android:layout_width">match_parent</item>
    
        
    <item name="android:layout_height">wrap_content</item>
    
        
    <item name="android:divider">?android:attr/dividerVertical</item>
    
        
    <item name="android:dividerPadding">0dp</item>
    
        
    <item name="android:showDividers">middle</item>
    
    
  </style>
  
    
  <style name="ButtonBarButton" parent="@android:style/Widget.Holo.Light.Button">
    
        
    <item name="android:layout_width">0dp</item>
    
        
    <item name="android:layout_height">match_parent</item>
    
        
    <item name="android:layout_weight">1</item>
    
        
    <item name="android:background">?attr/selectableItemBackground</item>
    
        
    <item name="android:paddingLeft">4dp</item>
    
        
    <item name="android:paddingRight">4dp</item>
    
    
  </style>
  

    
  <!-- Bubble styles -->
  
    
  <style name="TabSwitcherCalloutAnimation">
    
        
    <item name="android:windowEnterAnimation">@anim/tab_switcher_callout_in</item>
    
        
    <item name="android:windowExitAnimation">@anim/tab_switcher_callout_out</item>
    
    
  </style>
  
    
  <style name="FullscreenNotificationBubble" parent="@android:style/Animation.Toast">
    
        
    <item name="android:windowEnterAnimation">@anim/fullscreen_notification_in</item>
    
    
  </style>
  

    
  <!-- Data Saver -->
  
    
  <style name="DataReductionPromoScreenDialog">
    
        
    <item name="android:background">@android:color/transparent</item>
    
        
    <item name="android:backgroundDimEnabled">false</item>
    
        
    <item name="android:clipChildren">false</item>
    
        
    <item name="android:clipToPadding">false</item>
    
        
    <item name="android:windowAnimationStyle">@null</item>
    
        
    <item name="android:windowBackground">@android:color/transparent</item>
    
        
    <item name="android:windowCloseOnTouchOutside">false</item>
    
        
    <item name="android:windowContentOverlay">@null</item>
    
        
    <item name="android:windowFrame">@null</item>
    
        
    <item name="android:windowFullscreen">false</item>
    
        
    <item name="android:windowIsFloating">true</item>
    
        
    <item name="android:windowIsTranslucent">true</item>
    
        
    <item name="android:windowNoTitle">true</item>
    
    
  </style>
  
    
  <!-- Cast and media playback notifications -->
  
    
  <style name="MediaNotificationTitle" parent="@android:style/TextAppearance.StatusBar.EventContent.Title"/>
  
    
  <style name="MediaNotificationText" parent="@android:style/TextAppearance.StatusBar.EventContent"/>
  
    
  <style name="RemoteNotificationTitle" parent="@android:style/TextAppearance.StatusBar.EventContent.Title"/>
  
    
  <style name="RemoteNotificationText" parent="@android:style/TextAppearance.StatusBar.EventContent"/>
  
    
  <style name="RemoteNotificationProgressBar" parent="@android:style/Widget.Holo.ProgressBar.Horizontal"/>
  
    
  <style name="CastMediaRouteButton" parent="@style/Widget.MediaRouter.MediaRouteButton">
    
        
    <item name="android:background">@null</item>
    
        
    <item name="android:paddingTop">0dp</item>
    
        
    <item name="android:paddingBottom">0dp</item>
    
        
    <item name="android:paddingLeft">0dp</item>
    
        
    <item name="android:paddingRight">0dp</item>
    
        
    <item name="externalRouteEnabledDrawable">@drawable/ic_cast_dark_chrome</item>
    
    
  </style>
  
    
    
  <!-- First Run Experience -->
  
    
  <style name="FreTitle">
    
        
    <item name="android:layout_width">wrap_content</item>
    
        
    <item name="android:layout_height">wrap_content</item>
    
        
    <item name="android:gravity">center</item>
    
        
    <item name="android:lineSpacingMultiplier">1.4</item>
    
        
    <item name="android:textColor">@color/fre_title_color</item>
    
        
    <item name="android:textSize">@dimen/fre_title_text_size</item>
    
    
  </style>
  

    
  <!-- Web Notifications -->
  
    
  <style name="WebNotificationTitle" parent="@style/TextAppearance.StatusBar.EventContent.Title">
    
        
    <item name="android:layout_marginLeft">8dp</item>
    
    
  </style>
  
    
  <style name="WebNotificationBody" parent="@style/TextAppearance.StatusBar.EventContent.Line2">
    
        
    <item name="android:layout_marginLeft">8dp</item>
    
    
  </style>
  
    
  <style name="WebNotificationBodyBig" parent="@style/TextAppearance.StatusBar.EventContent">
    
        
    <item name="android:layout_marginLeft">8dp</item>
    
    
  </style>
  
    
  <style name="WebNotificationOrigin" parent="@style/TextAppearance.StatusBar.EventContent.Line2">
    
        
    <item name="android:layout_marginLeft">8dp</item>
    
    
  </style>
  
    
  <style name="WebNotificationTime" parent="@style/TextAppearance.StatusBar.EventContent.Line2"/>
  
    
  <style name="WebNotificationDivider">
    
        
    <item name="android:background">?android:dividerHorizontal</item>
    
    
  </style>
  
    
  <style name="WebNotificationButtons">
    
        
    <item name="android:layout_marginLeft">0dp</item>
    
        
    <item name="android:showDividers">middle</item>
    
        
    <item name="android:divider">?android:attr/listDivider</item>
    
        
    <item name="android:dividerPadding">12dp</item>
    
    
  </style>
  
    
  <style name="WebNotificationButton" parent="@android:style/Widget.DeviceDefault.Button.Borderless.Small">
    
        
    <!-- textColor from the 4.4.4 notification_action.xml - no public aliases. -->
    
        
    <item name="android:textColor">#ccc</item>
    
    
  </style>
  
    
  <style name="WebNotificationSettingsButton" parent="@style/WebNotificationButton">
    
        
    <item name="android:textAppearance">@style/TextAppearance.StatusBar.EventContent.Line2</item>
    
        
    <item name="android:paddingLeft">40dp</item>
    
        
    <!-- Margin at the end to avoid overlap with the small icon. -->
    
        
    <item name="android:layout_marginRight">24dp</item>
    
    
  </style>
  
    
  <style name="WebNotificationSettingsIcon">
    
        
    <item name="android:layout_marginLeft">8dp</item>
    
    
  </style>
  
    
  <style name="WebNotificationLargeIcon">
    
        
    <item name="android:background">@drawable/notification_template_icon_bg</item>
    
    
  </style>
  
    
  <style name="WebNotificationSmallIcon">
    
        
    <item name="android:alpha">0.6</item>
    
    
  </style>
  

    
  <!-- First Run and Bookmark/recent-tabs dialogs -->
  
    
  <style name="DialogWhenLarge" parent="Theme.AppCompat.Light.DialogWhenLarge">
    
        
    <item name="android:windowBackground">@drawable/bg_white_dialog</item>
    
        
    <item name="android:statusBarColor" tools:targetApi="21">@android:color/black</item>
    
        
    <item name="android:textColorLink">@color/light_active_color</item>
    
        
    <item name="colorPrimary">@color/light_active_color</item>
    
        
    <item name="colorAccent">@color/light_active_color</item>
    

        
    <!-- Remove ActionBar -->
    
        
    <item name="windowNoTitle">true</item>
    
        
    <item name="windowActionBar">false</item>
    
    
  </style>
  

    
  <!-- Drawer layouts -->
  
    
  <style name="DrawerDialog" parent="Theme.AppCompat.Light.DialogWhenLarge">
    
        
    <item name="android:windowBackground">@android:color/transparent</item>
    
        
    <item name="colorPrimaryDark">@android:color/black</item>
    
        
    <item name="colorAccent">@color/light_active_color</item>
    

        
    <!-- Remove ActionBar -->
    
        
    <item name="windowNoTitle">true</item>
    
        
    <item name="windowActionBar">false</item>
    
    
  </style>
  
    
  <style name="DrawerDialogWhite" parent="DrawerDialog">
    
      
    <item name="android:windowBackground">@drawable/bg_white_dialog</item>
    
    
  </style>
  

    
  <!-- Bookmarks -->
  
    
  <style name="BookmarkTitleBarButton">
    
        
    <item name="android:layout_width">wrap_content</item>
    
        
    <item name="android:layout_height">wrap_content</item>
    
        
    <item name="android:background">@null</item>
    
        
    <item name="android:padding">15dp</item>
    
    
  </style>
  
    
  <style name="BookmarkMenuStyle" parent="Widget.AppCompat.ListPopupWindow">
    
        
    <item name="android:popupBackground">@drawable/menu_bg</item>
    
    
  </style>
  
    
  <style name="BookmarkDrawerItemStyle">
    
        
    <item name="android:layout_width">match_parent</item>
    
        
    <item name="android:layout_height">?android:attr/listPreferredItemHeightSmall</item>
    
        
    <item name="android:textAlignment">viewStart</item>
    
        
    <item name="android:gravity">start|center_vertical</item>
    
        
    <item name="android:paddingLeft">@dimen/bookmark_drawer_drawable_padding</item>
    
        
    <item name="android:paddingRight">@dimen/bookmark_drawer_drawable_padding</item>
    
        
    <item name="android:singleLine">true</item>
    
        
    <item name="android:textAppearance">?android:attr/textAppearanceLargePopupMenu</item>
    
        
    <item name="android:textSize">14sp</item>
    
    
  </style>
  

    
  <!-- Signin promo dialog-->
  
    
  <style name="SigninPromoDialog" parent="FullscreenWhiteDialog">
    
        
    <item name="android:windowNoTitle">true</item>
    
        
    <item name="android:windowFrame">@null</item>
    
        
    <item name="android:windowIsFloating">true</item>
    
        
    <item name="android:windowContentOverlay">@null</item>
    
        
    <item name="android:windowAnimationStyle">@android:style/Animation.Dialog</item>
    
    
  </style>
  

    
  <!-- Contextual Search styles -->
  
    
  <style name="ContextualSearchTextViewLayout">
    
        
    <item name="android:layout_width">match_parent</item>
    
        
    <item name="android:layout_height">wrap_content</item>
    
        
    <item name="android:layout_gravity">bottom</item>
    
        
    <item name="android:background">#FFF</item>
    
        
    <item name="android:visibility">invisible</item>
    
        
    <!-- 60dp padding minus 7dp for fading edge -->
    
        
    <item name="android:paddingLeft">53dp</item>
    
        
    <item name="android:paddingRight">53dp</item>
    
    
  </style>
  
    
  <style name="ContextualSearchTextView">
    
        
    <item name="android:layout_height">match_parent</item>
    
        
    <item name="android:ellipsize">end</item>
    
        
    <item name="android:singleLine">true</item>
    
        
    <item name="android:textColor">#000</item>
    
        
    <item name="android:textSize">@dimen/overlay_panel_text_size</item>
    
    
  </style>
  
    
  <style name="ContextualSearchContextTextView">
    
        
    <item name="android:layout_width">0dp</item>
    
        
    <item name="android:layout_height">match_parent</item>
    
        
    <item name="android:ellipsize">none</item>
    
        
    <item name="android:fadingEdge">horizontal</item>
    
        
    <item name="android:fadingEdgeLength">30dp</item>
    
        
    <item name="android:layout_weight">1</item>
    
        
    <item name="android:requiresFadingEdge">horizontal</item>
    
        
    <item name="android:singleLine">true</item>
    
        
    <item name="android:textColor">#CCC</item>
    
        
    <item name="android:textSize">@dimen/overlay_panel_text_size</item>
    
    
  </style>
  
    
  <style name="ContextualSearchCaptionTextView">
    
        
    <item name="android:layout_width">match_parent</item>
    
        
    <item name="android:layout_height">match_parent</item>
    
        
    <item name="android:layout_gravity">bottom</item>
    
        
    <item name="android:layout_marginLeft">7dp</item>
    
        
    <item name="android:layout_marginRight">7dp</item>
    
        
    <item name="android:background">#FFF</item>
    
        
    <item name="android:ellipsize">end</item>
    
        
    <item name="android:singleLine">true</item>
    
        
    <item name="android:textColor">#444</item>
    
        
    <item name="android:textSize">@dimen/contextual_search_caption_text_size</item>
    
    
  </style>
  

    
  <!-- Physical Web styles -->
  
    
  <style name="PhysicalWebNearbyUrlsListStyle" parent="Theme.AppCompat.Light">
    
        
    <item name="android:windowBackground">@android:color/white</item>
    
        
    <item name="android:layout_width">match_parent</item>
    
        
    <item name="android:layout_height">match_parent</item>
    
    
  </style>
  
    
  <style name="PhysicalWebOptInStyle" parent="Theme.AppCompat.Light">
    
        
    <item name="android:windowBackground">@android:color/white</item>
    
        
    <item name="windowNoTitle">true</item>
    
        
    <item name="windowActionBar">false</item>
    
        
    <item name="android:windowContentOverlay">@null</item>
    
    
  </style>
  

    
  <!-- Payments UI -->
  
    
  <style name="PaymentsUiSectionHeader">
    
        
    <item name="android:textColor">@color/google_blue_700</item>
    
        
    <item name="android:textSize">14sp</item>
    
    
  </style>
  
    
  <style name="PaymentsUiSectionDefaultText">
    
        
    <item name="android:textColor">@color/default_text_color</item>
    
        
    <item name="android:textSize">16sp</item>
    
    
  </style>
  
    
  <style name="PaymentsUiSectionDisabledText">
    
        
    <item name="android:textColor">@color/explanation_text_color</item>
    
        
    <item name="android:textSize">16sp</item>
    
    
  </style>
  
    
  <style name="PaymentsUiSectionDescriptiveText">
    
        
    <item name="android:textColor">@color/descriptive_text_color</item>
    
        
    <item name="android:textSize">14sp</item>
    
    
  </style>
  
    
  <style name="PaymentsUiSectionWarningText">
    
        
    <item name="android:textColor">@color/error_text_color</item>
    
        
    <item name="android:textSize">14sp</item>
    
    
  </style>
  
    
  <style name="PaymentsUiSectionDescriptiveTextEndAligned" parent="PaymentsUiSectionDescriptiveText">
    
        
    <item name="android:textAlignment">viewEnd</item>
    
    
  </style>
  
    
  <style name="PaymentsUiSectionAddButtonLabel">
    
        
    <item name="android:textColor">@color/light_active_color</item>
    
        
    <item name="android:textSize">14sp</item>
    
        
    <item name="android:textAllCaps">true</item>
    
    
  </style>
  

    
  <!-- Misc styles -->
  
    
  <style name="LocationBarButton">
    
        
    <item name="android:background">@null</item>
    
    
  </style>
  
    
  <style name="LocationBarButtonTablet" parent="LocationBarButton">
    
        
    <item name="android:layout_width">@dimen/location_bar_icon_width</item>
    
        
    <item name="android:layout_height">match_parent</item>
    
        
    <item name="android:scaleType">center</item>
    
        
    <item name="android:layout_gravity">end</item>
    
    
  </style>
  
    
  <style name="LocationBarMenuButton" parent="LocationBarButton">
    
        
    <item name="android:layout_height">match_parent</item>
    
        
    <item name="android:layout_width">match_parent</item>
    
    
  </style>
  
    
  <style name="ToolbarButton">
    
        
    <item name="android:background">?attr/selectableItemBackground</item>
    
        
    <item name="android:layout_width">@dimen/toolbar_button_width</item>
    
        
    <item name="android:layout_height">56dp</item>
    
        
    <item name="android:scaleType">center</item>
    
    
  </style>
  
    
  <style name="ToolbarMenuButtonPhone" parent="ToolbarButton">
    
        
    <item name="android:layout_gravity">top</item>
    
        
    <item name="android:layout_width">42dp</item>
    
        
    <item name="android:paddingRight">4dp</item>
    
        
    <item name="android:background">@null</item>
    
    
  </style>
  
    
  <style name="ToolbarMenuButtonTablet" parent="ToolbarButton">
    
        
    <item name="android:layout_width">43dp</item>
    
        
    <item name="android:paddingRight">3.5dp</item>
    
    
  </style>
  
    
  <style name="AppMenuItem">
    
        
    <item name="android:paddingLeft">16dp</item>
    
        
    <item name="android:paddingRight">16dp</item>
    
        
    <item name="android:background">?attr/listChoiceBackgroundIndicator</item>
    
    
  </style>
  
    
  <style name="RobotoMediumStyle">
    
        
    <item name="android:fontFamily">sans-serif</item>
    
        
    <item name="android:textStyle">bold</item>
    
    
  </style>
  

    
  <!-- New tab page RecyclerView overscroll color -->
  
    
  <style name="NewTabPageRecyclerView">
    
        
    <item name="android:colorEdgeEffect">@color/google_grey_300</item>
    
    
  </style>
  

</resources>
